#{"t_start": 1769854650.485002, "env_id": "None"}
r,l,t
-90.37794,3,18.537737
-90.608033,2,23.422067
-90.339879,2,28.888022
-90.0,1,36.443233
-90.293129,5,42.595537
-91.15687,5,51.60026
88.068788,14,55.175694
87.661906,11,58.189905
-92.031907,6,64.043284
88.582026,5,66.840478
-90.825032,2,71.923266
-90.618215,2,80.592229
-91.125754,3,88.896662
-90.347563,2,91.773582
-90.731765,3,97.781121
-90.00425,1,104.458729
-90.0,1,107.160599
-90.046165,1,113.003957
-90.842928,4,115.979639
-91.823275,8,123.321459
-91.660384,6,126.439798
-91.16933,5,129.400198
-90.164742,1,136.507433
-90.513456,3,139.323834
-90.989967,3,147.18847
-91.951277,7,157.29879
-91.618287,8,160.611324
-91.005001,2,166.20876
87.494572,9,170.060737
-90.0,1,180.36731
-90.724627,6,183.745844
-90.966628,3,189.301697
-91.215521,7,192.53635
-90.287525,2,199.094676
-91.225883,3,205.235326
-90.0,1,212.515275
-91.73153,8,215.458006
-90.739594,4,218.198714
-91.637464,8,224.273286
-90.017494,1,230.348519
-90.89186,4,238.273458
-90.300012,2,241.121123
-91.73373,5,244.959476
-90.247131,1,249.919086
-90.039772,1,254.745505
-90.511554,3,262.584347
-90.862318,3,268.648433
-90.862659,4,279.359453
86.553204,11,282.50893
-91.188704,3,285.481801
-90.0,1,292.130142
-90.0,1,299.526088
-91.292757,7,305.685879
-90.512742,3,308.480725
-90.396,2,314.14694
-92.583437,14,317.290881
-90.0,1,324.314271
87.240424,12,327.50197
-90.071053,1,332.277486
-90.034035,1,335.007142
-90.411926,1,337.667578
-91.232081,5,344.15642
-90.0,1,350.148422
-90.868806,2,356.840437
88.183493,4,359.646828
-90.0,1,365.664328
-91.534515,3,368.464564
-92.410052,11,371.468744
-91.549603,7,374.304791
-90.500769,2,380.111756
-90.0,1,386.12155
-93.555586,7,389.025602
-90.111816,1,395.169108
-92.598728,14,402.933909
-90.651622,5,411.852991
-90.721057,2,418.193616
-43.134252,200,675.169728
-90.570944,3,684.033227
-91.561299,3,689.455342
-90.755439,2,692.199485
-90.0,1,697.803314
-92.759913,6,703.445932
-90.0,1,706.105528
-90.0,1,713.676543
-90.0,1,719.52872
-90.0,1,725.873722
-90.463114,3,730.886176
-90.0,1,733.588475
-90.0,1,738.155046
-90.0,1,745.359802
-90.0,1,750.010133
-90.91416,3,755.137253
-90.538403,4,757.97944
-90.0,1,764.092145
-90.0,1,766.773883
-90.656735,2,771.566978
-90.259003,1,776.274805
-90.885392,2,783.858033
-91.712495,7,790.06284
-92.006281,8,793.099455
-90.0,1,799.214664
-91.464159,3,804.24792
-90.941383,4,809.53126
89.105619,5,813.365313
-90.0,1,819.425266
86.989346,13,822.636297
-90.528882,2,825.331386
-91.112801,3,832.156039
-90.856879,3,837.26634
-90.366745,1,839.971682
-90.543423,3,842.695687
-90.678514,3,850.295854
-90.463321,2,855.225159
-91.000201,3,862.142701
-90.0,1,868.920992
-90.000015,1,875.194441
-90.0,1,882.450711
-90.511099,2,887.514339
-90.167231,2,894.226577
-92.187339,10,897.355821
-90.309538,2,904.131051
88.419267,5,906.972837
-91.138362,4,915.402829
-91.253405,7,921.622176
-90.347264,2,924.429416
-90.0,1,930.45426
-90.0578,3,933.241808
-90.245985,5,938.806596
87.643586,8,941.848835
-43.15444,200,1082.236236
-41.373483,200,1224.626456
-90.500908,1,1229.515952
-90.861799,4,1232.302299
-91.144921,3,1237.306975
-91.154423,6,1243.260536
87.330987,12,1247.346926
-90.0,1,1253.36019
-91.668492,5,1256.235605
-90.0,1,1262.752559
-90.0,1,1269.035019
-90.729662,3,1274.044754
-90.295171,3,1282.660967
-41.308095,200,1421.79285
86.182307,20,1425.469327
-90.51144,3,1430.421583
-90.033012,1,1433.147292
-91.092748,5,1435.974467
-90.0,1,1442.080943
-90.0,1,1449.275758
87.448205,14,1452.477679
-90.107928,2,1458.890247
-90.909734,4,1466.247433
-90.847446,2,1471.258414
-90.58462,3,1474.046139
-91.012077,3,1476.795342
-90.649677,3,1480.485059
-91.008748,3,1487.48236
-90.0,1,1493.721701
-90.908047,3,1500.703217
-90.67485,2,1505.657045
-90.0,1,1512.983583
-90.431816,1,1517.734859
-90.0,1,1523.797926
88.157672,6,1526.741511
-90.487083,3,1529.466257
-90.0,1,1533.982227
-90.0,1,1538.598778
-90.0,1,1545.66557
-91.809717,8,1555.100204
-90.502686,1,1557.819227
-43.006116,200,1703.042505
-90.276205,2,1708.316585
-91.023596,6,1712.254413
-90.189609,2,1718.827998
-90.701306,5,1721.677795
-91.015904,4,1727.251302
-90.001236,1,1733.611312
-90.00103,1,1738.268034
-90.0,1,1745.583162
-91.011945,3,1748.381375
-91.267111,4,1751.154379
-90.649695,4,1753.915241
-91.886484,4,1756.64494
-90.415539,2,1763.162798
-92.020501,10,1773.507848
-90.0,1,1780.736644
-90.890991,3,1785.862811
-91.040943,3,1791.106194
-90.0,1,1797.220537
-91.624733,8,1800.221445
-90.379463,1,1806.880152
-90.0,1,1814.004774
-46.094856,200,1958.075851
-90.922267,5,1963.84159
-90.885868,4,1971.517971
-91.010009,3,1976.741235
-90.532774,2,1983.044622
88.015562,7,1985.967364
-90.914692,6,1991.869635
-90.872011,5,1994.782896
-92.375902,8,1997.701359
86.807104,14,2000.931551
-90.0,1,2005.355627
-42.125696,200,2160.281252
-90.0,1,2166.899436
-91.374164,3,2174.311201
-90.357544,1,2182.550148
-90.004791,1,2190.38459
-90.0,1,2197.56349
-90.0,1,2202.46587
-90.0,1,2209.01649
88.433008,9,2213.250604
-90.0,1,2219.952562
-91.162734,6,2229.29682
-90.76286,2,2236.583352
-90.601937,4,2242.204726
-41.369578,200,2393.457857
-91.432506,5,2396.571848
88.288895,8,2399.494328
-91.543556,7,2402.343807
-90.368699,3,2407.500686
-90.062302,2,2410.28203
-91.068861,4,2418.760868
-90.976316,3,2425.736593
-91.819034,7,2428.664997
-91.105166,8,2435.065989
-90.783033,3,2441.890533
-91.112508,2,2444.670155
-91.591937,6,2453.890836
-91.732849,9,2460.563325
-90.0,1,2463.300137
-90.0,1,2469.248353
-90.839641,3,2476.287489
87.5435,15,2480.730768
-90.965154,6,2489.335415
-41.539559,200,2631.865447
87.048004,8,2635.112061
-90.084335,1,2641.414284
-90.0,1,2648.361059
-90.0,1,2654.610483
-91.80105,6,2657.520917
88.621358,7,2660.405664
-90.43293,1,2666.568147
-90.096494,3,2669.323595
87.988515,6,2672.140061
-90.97538,4,2680.496869
-91.035809,4,2683.299898
-90.301198,3,2688.159913
-90.253562,3,2690.888012
-91.064527,4,2698.211825
-91.309028,5,2703.7593
-90.256809,2,2706.513975
-90.872997,5,2712.816349
-91.038562,7,2715.823714
-90.0,1,2721.858724
-91.011104,3,2726.876673
-91.914727,4,2729.711868
-90.0,1,2735.736009
-90.439499,1,2741.970426
89.018239,6,2744.873538
-90.088737,1,2748.447922
-90.086487,1,2751.088831
-91.432847,4,2753.874094
-90.891902,5,2756.622386
-90.598844,3,2761.589924
-90.854341,3,2766.778584
-90.0,1,2772.893452
-90.531013,1,2777.610875
-90.0,1,2783.753671
-90.140106,2,2786.523383
-90.0,1,2792.547043
-90.231228,3,2796.70084
-90.888384,7,2799.667858
-90.081924,1,2804.338753
-91.867731,11,2814.875688
87.112821,12,2818.046382
-42.822167,200,3074.836716
-90.928299,2,3080.227356
-90.849583,5,3083.17506
-90.326854,2,3085.83908
-90.978002,3,3092.884013
89.381665,6,3096.812238
-91.917337,7,3105.45698
-92.774215,11,3112.710183
-90.0,1,3118.870466
-90.751784,3,3121.646595
-90.046326,1,3126.36004
-90.0,1,3133.438377
-90.0,1,3139.448421
-90.768115,2,3144.662066
-90.052841,1,3149.478617
-90.426346,1,3154.28466
-90.331886,2,3162.541449
-90.364519,2,3165.33282
88.281364,7,3168.227037
-93.945511,12,3171.458711
-91.115963,5,3179.941929
-91.123023,4,3185.395408
-90.489229,3,3190.448941
-91.19827,2,3196.365614
-91.331138,7,3199.32475
-90.924744,3,3206.300657
87.823847,7,3209.424708
-90.0,1,3215.746996
-90.0,1,3221.737526
-90.006611,4,3224.518076
-92.409042,13,3227.632113
-43.407699,200,3378.675973
-90.801852,5,3381.81863
-91.716705,9,3384.743354
-91.592972,6,3390.823721
-90.808147,4,3393.670294
-90.0,1,3400.773537
-90.779374,2,3403.529801
-90.0,1,3409.698903
-90.993406,4,3417.393664
-90.964459,6,3423.358509
-90.548504,2,3429.312013
-90.409882,2,3434.274428
-90.0,1,3440.609787
-90.759851,3,3447.954363
-90.0,1,3454.139847
-92.017085,5,3456.992229
-90.87302,8,3464.709789
-90.297737,1,3471.196139
-90.653007,3,3476.546218
-92.23782,10,3479.676479
-91.942139,11,3490.91293
-90.909432,2,3496.807876
-90.612312,3,3499.610894
-89.853242,3,3502.347172
88.624132,5,3505.1284
-90.473618,3,3512.442014
88.042435,6,3515.327568
-90.0,1,3521.462215
-90.679675,6,3530.871476
-42.326213,200,3811.610094
-91.681588,5,3815.055394
-90.625963,2,3819.974489
-91.035924,4,3827.493745
-90.425351,2,3834.827245
-90.424416,1,3841.237366
-90.079976,2,3846.381158
-90.205948,1,3852.505143
-92.459835,11,3864.731919
-90.0,1,3870.883284
-91.783077,7,3873.781468
-90.862981,2,3876.440056
-90.802394,5,3884.309081
-91.8321,10,3887.419275
-90.312278,2,3890.154462
-90.814953,2,3897.864889
-90.797495,4,3900.734334
87.451172,14,3903.917729
-91.562791,10,3910.938894
-90.752348,3,3913.723835
-91.395074,8,3920.094547
-90.916036,2,3924.958532
-90.0,1,3932.182252
-91.15239,4,3937.68997
-91.975861,5,3945.559803
-90.858316,3,3950.800025
-90.947038,2,3957.721514
-90.535249,2,3960.471571
-90.179888,2,3964.079119
-90.0,1,3970.614432
-91.014458,3,3977.906938
87.691786,8,3980.898944
-92.198425,11,3983.983394
-91.294015,4,3989.210043
-91.12143,7,3992.135443
-90.0,1,3999.321778
-93.044147,14,4002.577761
-91.921608,5,4005.343673
-39.974324,200,4151.80854
-91.081782,8,4158.379124
-90.0,1,4165.596354
87.76945,9,4168.637487
-91.213236,4,4173.99908
-90.182487,1,4178.765757
-90.140537,2,4183.703929
-90.988685,3,4189.00076
-47.545979,200,4364.0606
-91.371145,6,4367.380542
-90.982896,4,4370.145643
-90.16486,2,4372.842225
87.911719,6,4375.665571
-91.744242,9,4378.654054
-93.07997,10,4389.093434
-90.642266,3,4394.343116
-90.075737,1,4401.683003
-93.276316,11,4404.796866
-92.803567,14,4417.163813
-91.388611,5,4425.23387
-90.903849,7,4435.701922
-91.886451,6,4441.656568
88.966131,6,4444.578781
-90.0,1,4450.724784
-90.102371,1,4453.530436
-92.105312,6,4459.504194
-90.343288,2,4463.174524
86.095104,23,4466.73512
-91.607389,5,4469.546559
-91.874266,7,4472.391792
-90.775909,4,4479.796587
-91.367181,8,4486.283444
-91.825589,9,4493.045723
-94.269934,20,4503.895041
-91.149468,3,4510.84872
-91.575286,8,4517.208114
-90.951102,7,4520.197984
-91.855671,8,4526.547332
-90.739317,3,4532.646931
-90.99846,2,4537.541471
-90.709183,2,4542.485526
-90.0,1,4548.579737
-91.446038,3,4551.356325
-90.0,1,4557.451461
-90.681452,3,4563.742539
89.362622,6,4566.650792
-90.0,1,4571.100597
-90.534195,1,4577.569747
-91.316135,3,4580.369703
-90.0,1,4584.904207
-91.036739,4,4592.451818
-90.649491,2,4596.135389
-91.775577,8,4602.588307
-91.199544,5,4605.416549
-90.0,1,4611.294299
-90.960092,3,4618.121606
-91.302389,5,4623.737367
-90.0,1,4626.496325
-90.934067,6,4633.225682
-91.637635,7,4636.179893
-94.176211,16,4639.360439
-91.325126,6,4642.176314
-90.643631,4,4644.924023
87.528697,8,4647.831688
-90.530016,3,4652.799768
-91.171011,5,4660.742738
-92.773197,12,4673.530689
-90.0,1,4679.690554
-91.447788,7,4685.772556
-92.898718,8,4688.774386
-90.107812,2,4696.485764
-91.01156,2,4701.491231
88.783904,6,4704.360022
-90.0,1,4710.45581
-90.433504,3,4715.489576
-90.718114,4,4720.799284
-90.0,1,4726.963892
-92.002515,5,4733.36082
-92.195174,9,4740.136679
-90.810015,3,4742.939471
-90.568288,3,4745.640426
-90.0,1,4751.676286
-92.962774,15,4754.947877
-90.95848,4,4760.352156
-91.850058,10,4771.540854
-90.502472,1,4778.082364
-91.316666,4,4783.484229
-91.324945,3,4788.582503
-90.0,1,4795.843347
-90.0,1,4801.866591
88.323138,9,4804.89943
-92.053405,12,4816.38267
87.907853,5,4819.291903
-91.083588,2,4821.992921
-90.779922,2,4826.970358
-90.824351,7,4833.781973
-90.856621,2,4836.487447
-90.730441,3,4839.212541
87.501305,7,4842.065828
-90.134188,2,4846.918077
-92.467077,10,4854.277115
-91.586832,7,4857.300972
-92.074143,13,4860.477676
-90.0,1,4867.297754
-42.501114,200,5020.194192
-90.0,1,5025.470828
-91.691554,7,5032.894113
-91.024667,6,5041.77432
-91.013209,3,5047.189586
-91.523584,4,5050.044329
-90.746661,2,5052.734651
-90.001902,2,5057.664805
-90.393425,2,5063.535902
-92.386124,4,5071.447842
-91.492576,6,5074.367554
-90.0,1,5080.663924
-90.0,1,5087.107587
-90.0,1,5094.937508
-91.292236,3,5100.186479
-90.801229,5,5106.072462
-91.405229,6,5112.251179
-90.00087,1,5114.997415
-90.0,1,5121.20451
-93.587872,16,5335.008287
-90.0,1,5340.830933
-90.0,1,5343.52325
-90.0,1,5349.541027
-90.0,1,5355.777371
88.665946,14,5359.020761
-90.976732,5,5362.690565
-90.0,1,5368.529402
89.438055,5,5371.404176
88.92688,3,5374.125361
-90.003738,1,5378.732328
-90.0,1,5384.766507
86.885525,22,5388.314274
-90.121651,1,5395.473266
87.314379,14,5398.693939
-91.514983,7,5404.718051
88.39618,6,5407.614968
-90.96243,2,5412.339178
-90.0,1,5416.870765
-91.374465,6,5422.552452
-90.865519,3,5430.43921
-90.0,1,5436.442741
-90.681425,3,5441.480979
-93.724835,11,5444.628863
-93.317532,17,5447.879639
-90.537216,1,5450.488943
-91.114599,6,5458.986893
-90.0,1,5465.847963
87.533177,5,5468.654577
-90.0,1,5474.518786
-90.0,1,5477.167789
-90.233322,1,5481.67779
-91.827591,8,5488.148333
-90.990063,2,5495.809777
-91.156906,3,5500.800916
-90.199836,5,5503.614911
-90.694344,4,5506.347322
-94.05353,13,5509.470174
-90.736512,3,5514.677533
-90.601418,1,5517.423717
-90.427911,4,5522.952842
88.327176,14,5527.063121
-90.010139,1,5529.701377
-90.011067,2,5536.128479
-90.0,1,5542.01725
87.642969,7,5544.994123
-90.678466,2,5547.685399
-92.222363,10,5550.711622
-91.112732,5,5553.572511
-90.0,1,5560.47097
-90.806268,2,5565.225052
-90.002335,1,5567.922016
-91.024443,4,5572.988194
-91.297429,4,5575.808712
-90.363284,2,5578.463986
-91.595966,6,5581.319124
-44.586775,200,5723.709855
-90.615675,4,5729.37086
-90.0,1,5734.071051
-91.159301,4,5739.356461
-90.126122,1,5743.99557
-91.130779,4,5751.718603
-90.809072,5,5760.079308
-90.003479,1,5766.560878
-91.042749,3,5771.541618
-90.0,1,5777.776514
-90.0,1,5783.784906
-90.255569,1,5788.526071
-90.575678,2,5795.824582
-41.949723,200,6053.557615
-90.731189,2,6056.895094
-90.0,1,6062.72193
-90.927199,2,6069.260609
-92.786651,9,6072.250977
-44.718529,200,6217.402003
-91.682937,8,6229.582743
-90.0,1,6236.596717
87.554961,15,6240.096202
-92.056214,12,6243.353881
-90.792672,6,6246.312224
-90.95469,3,6249.133557
-90.057938,1,6256.904153
-40.786777,200,6552.821422
-90.837784,7,6561.938809
-90.701349,4,6567.387138
-90.0,1,6573.875787
-92.086756,7,6580.920231
-91.366297,5,6586.6428
-91.406434,3,6591.841319
-90.0,1,6596.56344
89.29237,6,6599.519628
-91.80325,9,6610.016079
-90.82813,2,6617.749648
-91.600736,6,6626.335113
-91.138896,3,6631.670352
-91.088056,8,6638.523018
-91.627296,7,6641.556894
-90.0,1,6649.34747
-91.639044,7,6659.745034
-90.0,1,6666.694214
-90.958106,6,6669.871371
-90.905265,3,6679.613676
-92.064292,7,6689.962967
-90.0,1,6696.868964
-90.517436,2,6704.674684
87.289896,13,6708.058125
-92.84716,17,6711.410542
-90.0,1,6718.792445
-91.625481,9,6726.087949
-90.818097,3,6734.480158
-90.828663,2,6742.151289
-90.0,1,6749.105589
-92.47061,7,6752.089844
-90.442141,3,6754.835541
-90.589717,4,6757.608706
-91.4461,4,6763.001591
-91.570116,9,6769.814811
-90.364677,3,6776.983516
88.366532,7,6780.566357
-90.671381,2,6787.88008
-91.815915,9,6799.402328
-90.181091,1,6804.974059
-90.945768,2,6807.800277
-91.191798,3,6815.141256
-91.365075,5,6818.115664
-90.588264,1,6826.640201
-92.255239,13,6842.878087
-90.004639,1,6850.59028
-92.16256,11,6854.051859
88.467306,5,6857.081286
-91.198274,5,6860.047693
-90.0,1,6866.800764
-90.954573,5,6873.152853
-93.037947,14,6887.676255
-90.000893,1,6890.528173
-90.446091,1,6897.587704
-90.0,1,6904.364003
-90.514885,2,6912.299586
-91.374636,7,6920.358344
-91.391122,5,6926.751998
-90.0,1,6933.936714
-90.8504,2,6939.456613
-90.0,1,6947.410752
-41.368323,200,7114.263213
-92.292048,8,7117.660675
-90.849886,2,7120.396832
-90.847611,2,7125.54531
-90.0,1,7132.576668
-90.485649,2,7137.895809
-91.996323,9,7145.407259
87.123958,12,7153.595942
-92.435445,11,7156.865892
-91.37323,11,7168.477115
-90.206632,3,7171.349472
-90.950625,5,7177.788121
-91.47985,5,7183.619936
-90.900297,4,7186.472263
-91.481132,11,7194.588725
-42.322919,200,7364.778969
-90.155281,1,7367.84658
-91.39833,5,7374.766152
-92.591417,12,7378.202836
-91.414236,6,7381.181888
-40.006681,200,7556.176469
-92.284476,10,7559.663808
87.223514,16,7563.043039
86.55535,13,7566.418631
-91.56754,5,7573.264934
-92.450288,14,7582.354043
-90.416388,2,7587.875428
-90.412323,2,7590.683897
87.96869,11,7593.857793
-91.802176,7,7596.890245
-90.079849,1,7599.631711
-90.0,1,7605.503282
-90.0,1,7610.731841
-90.510388,2,7618.338844
-90.000603,1,7621.101641
86.731082,22,7632.571662
-91.620643,8,7644.279467
-90.866369,2,7650.040325
-91.429067,6,7653.086195
-90.379684,1,7658.017561
-91.150371,8,7661.14599
-90.0,1,7667.962597
-90.0,1,7676.516069
-91.43642,5,7679.511388
-91.0216,6,7686.320951
-90.0,1,7693.05161
-90.0,1,7697.983366
-92.03798,12,7711.614233
87.298268,9,7714.782358
-92.522862,9,7725.857306
-90.387156,5,7734.882113
-90.243782,1,7738.482355
-90.0,1,7745.223113
-91.469863,7,7748.266965
-42.247038,200,8061.099237
-90.845402,4,8067.718303
-90.780751,2,8071.296609
-92.407876,10,8074.409818
-91.810153,10,8081.948682
-90.0,1,8087.102839
-91.174824,6,8090.140487
-90.726656,3,8095.407358
-90.536185,2,8100.585852
-91.893014,6,8110.749323
-90.69773,3,8116.660741
-92.217879,12,8119.944572
-91.063687,9,8127.122766
-92.518002,14,8136.788538
-91.963131,6,8145.880009
-90.0,1,8152.631879
-91.022111,3,8160.611714
-90.506242,2,8168.598458
-90.0,1,8174.93075
88.212952,7,8177.920314
-91.482471,3,8185.579479
-90.363271,3,8188.446004
-91.3733,6,8197.832242
-90.582804,2,8201.516304
-91.451392,5,8204.414587
-91.844843,3,8207.157634
-90.907061,3,8209.918253
-90.0,1,8216.670296
-91.074594,4,8219.545673
-90.778821,4,8222.292578
86.972,14,8225.58919
-90.518833,4,8228.443318
-90.0,1,8235.708587
-91.638124,3,8241.304557
-90.649252,2,8244.126772
-91.526412,8,8251.517678
-92.478782,9,8259.157991
-90.0,1,8266.135068
-91.5814,10,8274.41752
-90.442817,2,8277.190032
-90.697291,2,8282.477309
-90.0,1,8289.416613
-90.0,1,8294.34662
-91.213442,3,8300.881721
-91.260512,7,8307.629587
-91.545485,6,8314.079197
-92.712914,7,8321.21385
-91.538777,8,8324.400209
-38.572785,200,8494.961384
-91.504585,4,8498.129805
-91.933114,9,8506.315873
-91.288651,13,8519.675614
89.220849,5,8522.585319
-91.786637,10,8525.625573
88.038514,14,8528.900628
-90.899076,5,8531.979943
-91.798237,8,8543.288142
-90.0,1,8549.880874
-90.0,1,8556.427346
-90.713505,2,8564.006734
-90.0,1,8569.498955
-91.08026,5,8578.535522
-90.028801,1,8583.610836
-90.927213,2,8588.665992
-92.057319,7,8599.528144
85.663568,14,8602.971309
-90.722769,3,8605.850663
-90.00029,1,8608.571656
-90.0,1,8616.017104
-90.744356,2,8618.852193
-90.619655,4,8624.693455
-91.811894,10,8633.204819
-91.215872,4,8636.151161
-90.739161,2,8643.374077
-90.932882,3,8649.051109
-90.999153,7,8656.044378
-91.872469,8,8663.184036
-92.41399,8,8670.964523
-90.0,1,8677.863772
-91.293364,6,8680.896042
-91.508707,13,8684.221955
-90.632431,3,8689.538042
-90.0,1,8696.408754
-91.776724,9,8704.271932
-90.97245,3,8711.908787
-90.0,1,8717.026632
-91.084283,3,8724.763627
-91.083466,8,8735.893468
-91.441111,7,8745.656017
-91.575831,7,8752.434462
-91.009314,3,8760.234125
-90.488086,3,8766.392774
86.95269,11,8769.710088
-91.478938,6,8772.596069
-91.070393,7,8784.741556
-91.257215,4,8790.488378
84.709694,27,8794.431008
-91.64786,10,8797.5337
-90.268906,1,8800.88214
-91.659159,8,8803.909914
-90.0,1,8810.644318
-91.513644,5,8816.652092
-90.0,1,8819.445166
-90.0,1,8825.764049
-90.797389,4,8834.526917
-92.087747,8,8841.942901
-91.113731,5,8844.875596
-90.832075,4,8850.495949
-90.785516,4,8858.806165
-93.156662,7,8861.808183
86.894675,13,8865.685928
-90.027283,1,8868.387244
-90.0,1,8873.28879
-91.266059,5,8879.377885
-92.038858,12,8891.986503
-90.47924,1,8899.551321
84.964226,23,8911.180593
-92.515193,10,8914.339084
-90.249479,2,8919.49445
-91.358821,5,8927.973162
88.431494,5,8931.575356
-90.996443,5,8937.724203
-90.0,1,8944.602118
-90.0,1,8951.585202
-90.911032,2,8956.853644
-90.442619,1,8964.437943
-93.330608,16,8974.167514
-91.025357,5,8980.245761
-91.162879,2,8987.594042
-93.027013,13,9002.144942
-91.462523,7,9008.764925
-90.0,1,9013.693389
-92.280174,14,9016.994555
-90.409884,2,9022.092832
-91.911196,8,9028.798095
88.349389,9,9032.648177
-91.606539,6,9035.563572
-90.0,1,9042.171796
88.151088,8,9045.204957
-90.178246,1,9051.971865
-90.519051,2,9056.909495
-90.0,1,9061.778362
-90.876341,2,9065.225132
-90.709697,2,9067.950908
87.525031,10,9071.033624
-90.980441,8,9074.068605
-90.866125,3,9076.789422
-90.967241,5,9082.89958
-90.0,1,9090.312119
-91.026363,4,9093.55589
-90.0,1,9101.834842
-91.422618,7,9111.430527
-91.849596,12,9114.940747
-90.0,1,9121.870569
-91.006932,2,9124.65197
-90.868014,2,9131.155094
-92.232575,6,9142.277149
-91.440095,7,9156.013731
-90.267037,2,9163.321365
84.387257,14,9167.19217
-90.867567,3,9175.974693
87.385427,13,9179.379819
-90.261544,2,9182.23385
-90.463253,3,9187.765539
-90.471853,2,9192.611323
-90.0,1,9200.069725
-91.990409,9,9210.60498
-90.0,1,9213.361672
-90.0,1,9216.164896
-90.810253,7,9225.667715
-90.859591,3,9232.207418
-90.802532,3,9235.093851
86.117586,20,9238.923304
-90.0,1,9245.418439
-91.362913,3,9248.202075
-90.795757,3,9254.324361
-90.853647,7,9264.520892
-92.758356,11,9276.627524
-41.000264,200,9568.762418
-91.150491,3,9572.207685
-90.356087,3,9577.436322
-90.933347,4,9585.779721
-90.0,1,9590.525766
-92.305525,7,9600.50968
-90.876966,5,9608.641361
-90.782569,4,9616.342639
-91.064001,5,9624.315633
-90.993007,4,9628.042391
-90.465675,2,9632.997187
-90.0,1,9639.130411
-90.822717,2,9644.15698
-90.0,1,9646.914101
-91.771344,7,9653.146445
89.01932,4,9655.984468
-90.0,1,9661.368393
-91.762804,8,9664.674682
-91.876392,6,9673.887447
-90.0,1,9680.330744
-90.0,1,9687.112847
-90.0,1,9694.5796
-90.041962,1,9701.511161
-90.0,1,9707.920249
-91.01878,5,9713.859563
-91.248185,3,9719.407313
-90.891889,2,9727.080736
-91.251028,3,9732.179071
-41.472817,200,9889.545618
-90.510424,3,9893.286282
-91.431037,4,9898.87441
-92.245715,9,9908.736335
88.580356,8,9911.74874
-91.066302,4,9914.457299
87.599078,10,9917.457861
-90.0,1,9922.039205
-42.554041,200,10179.363717
-90.0,1,10187.274726
-90.921712,7,10194.731626
-90.911069,4,10203.78195
-90.998936,2,10213.220763
-91.688759,15,10222.654295
-91.358743,4,10227.946186
-90.954608,3,10233.059838
-91.650572,4,10235.929612
-90.0,1,10241.930591
-91.607742,6,10250.166414
-90.905472,3,10259.417986
-90.0,1,10264.214868
-90.583838,5,10272.70945
-90.839891,3,10275.680961
-90.957903,3,10280.749056
-90.476951,3,10286.102984
-90.931963,6,10292.859685
-91.558029,7,10299.95292
-90.0,1,10304.758001
85.032597,32,10308.930263
-90.826132,8,10315.426417
-90.159714,1,10321.705863
-90.0,1,10324.410462
-90.0,1,10331.03901
-91.01189,3,10336.36737
-91.704704,10,10339.760349
87.847384,14,10348.209497
-90.885901,5,10357.200367
-90.593502,5,10363.079037
-91.267065,7,10369.550248
-91.616742,8,10379.53579
-90.0,1,10386.280413
-92.422348,19,10403.703551
-90.079796,1,10406.517696
-91.210897,8,10417.092348
-91.226541,3,10423.298771
-93.216436,23,10435.15439
-90.0,1,10440.094812
-40.040275,200,10588.610453
-90.988571,7,10597.719438
-90.194359,1,10602.453809
-91.528856,10,10612.364317
-90.797599,2,10619.117799
88.515883,5,10622.755057
-91.174822,6,10625.593411
-90.0,1,10631.45819
-92.844879,10,10634.5318
89.420898,6,10637.33114
-90.0,1,10643.181669
-90.653358,4,10650.41219
-92.124232,13,10663.031216
-90.0,1,10669.003616
-90.789306,4,10676.322174
89.075354,6,10679.2045
-90.50722,2,10686.741807
-91.351903,3,10689.513232
-90.0,1,10694.192148
-90.97104,6,10697.092407
-90.725673,4,10704.366046
-91.973655,8,10713.917892
-90.573098,2,10719.415829
-90.731921,2,10725.593031
-90.646116,3,10732.145647
-90.0,1,10736.763289
-91.462188,11,10739.964828
-90.270844,1,10744.678096
-91.116308,4,10747.524236
-90.0,1,10754.79631
-90.632414,3,10757.590502
-91.698719,13,10760.695753
-92.149676,6,10768.72467
-91.063311,3,10771.521661
-100.619815,49,10974.73351
-92.1669,11,10986.479797
-90.0,1,10992.754652
87.150647,13,10995.988636
-91.022047,3,10998.748374
-91.606698,8,11001.711305
-91.226161,3,11004.460577
-90.0,1,11009.08146
-39.53008,200,11147.226327
-91.462585,7,11154.125426
-91.724392,12,11165.36043
-92.109415,4,11168.20766
-90.932991,3,11173.32739
-90.0,1,11179.235672
88.952342,6,11182.821899
-91.344149,9,11192.346194
-90.120346,1,11195.129756
-93.324267,28,11216.91658
-93.673231,17,11235.948376
-90.126732,1,11238.945084
-91.353061,3,11243.971926
-91.282727,7,11246.940276
-91.950624,8,11250.572611
-91.885329,11,11257.987075
86.203775,14,11261.244596
-93.055317,20,11270.99132
-90.247246,1,11273.719823
-94.165573,18,11277.003638
-90.741578,7,11283.882644
-90.0,1,11290.148951
-90.0,1,11294.822598
-90.840328,3,11299.914222
-90.0,1,11306.218304
-91.312061,3,11313.110326
-91.034576,4,11321.136357
-91.105032,4,11326.596712
-92.628342,12,11329.782242
-91.131894,3,11334.917853
-37.322319,200,11491.852336
-90.0,1,11499.539789
-92.138154,9,11507.500766
-91.790537,8,11517.984168
-90.519631,4,11524.071492
-91.722495,10,11527.345849
-90.035347,1,11532.44703
-91.541789,6,11538.986256
-90.0,1,11547.130412
-91.009075,5,11550.007652
-94.647175,31,11564.914701
-91.555054,4,11570.856018
-91.404764,7,11573.816234
-90.0,1,11580.537661
-90.877702,3,11588.163449
-91.105915,5,11591.269899
-93.107669,8,11594.416399
-90.263931,1,11599.469588
-92.249705,12,11608.510551
85.974279,19,11613.02581
-90.65029,4,11619.108571
-90.002853,1,11621.968647
-90.892171,5,11624.859519
-91.054147,5,11631.250145
87.151508,15,11635.438883
-91.928633,8,11651.5299
-91.359747,7,11660.635728
-90.0,1,11666.736836
-91.222471,5,11673.872204
-90.940672,2,11677.602826
-91.634953,7,11680.910437
-90.950734,4,11688.334868
-90.0,1,11698.842268
-93.793413,24,11717.10337
85.551293,15,11720.517526
-92.043692,8,11727.412697
-91.91235,11,11738.152286
-90.541648,5,11747.218338
-91.445616,5,11753.723469
-92.564398,15,11762.901163
-92.597208,8,11765.900852
-90.562745,3,11774.364261
88.186919,11,11778.356739
-91.673383,7,11781.307855
-92.005622,6,11789.54541
-90.0,1,11792.453292
-90.811134,2,11795.285118
-91.024902,6,11804.124886
-91.228039,8,11812.607255
-92.499314,9,11819.708797
-90.0,1,11826.582506
-90.549498,2,11831.46324
-91.066387,4,11836.913412
-90.0,1,11843.724799
-91.813484,10,11846.760609
-92.573748,8,11849.688778
-90.15348,2,11852.347491
-91.160927,4,11857.4547
-38.680594,200,12141.592685
-90.682427,2,12147.980028
-90.577566,2,12150.789803
-90.80095,3,12156.15249
-90.0,1,12162.421019
-91.830107,7,12165.391651
-90.593305,3,12168.152541
-92.192457,11,12176.194851
-90.0,1,12182.577701
-90.316762,2,12185.399514
-90.0,1,12190.111878
-91.27619,3,12195.770924
-90.0,1,12201.95468
-94.007954,21,12206.176248
-91.803363,5,12211.746372
-92.21959,10,12214.92446
-92.771149,14,12218.220541
-40.460851,200,12373.425102
-92.645678,9,12376.75888
-91.050276,3,12381.959938
-90.749209,3,12384.785144
-90.339555,2,12389.811251
-90.946942,4,12395.22735
-90.309876,2,12400.211867
88.352848,9,12403.294127
-90.922004,2,12406.721513
86.175276,14,12409.9516
-91.177112,5,12415.795233
-90.547226,2,12418.606605
-90.090271,1,12423.383203
-90.411947,2,12428.461975
-92.015118,8,12435.225152
-91.525553,6,12444.731068
-90.887648,4,12450.01984
-91.166082,5,12457.847956
-90.87436,5,12460.744253
-90.139435,1,12465.446559
-90.912415,4,12468.299778
89.842839,3,12471.80251
-90.0,1,12477.712406
-90.0,1,12484.225095
-92.744633,12,12495.597588
-91.008359,8,12498.622134
-90.0,1,12505.406301
-91.725494,5,12508.291077
-90.752835,5,12516.099219
-91.170133,4,12521.539614
-90.817801,3,12526.67711
-90.0,1,12532.886823
-90.000771,1,12538.366082
-90.560981,2,12543.257038
-90.0,1,12549.789362
-91.010441,4,12552.676142
-93.978997,24,12572.467226
-92.129634,9,12582.358104
-90.949961,5,12585.292137
-90.0,1,12591.187623
-92.834667,16,12594.486131
-90.000633,1,12599.143991
-91.099943,4,12602.010895
-92.928163,8,12605.601959
-90.0,1,12611.53177
-93.160838,19,12621.312575
-91.28627,9,12624.392996
-91.321701,6,12630.390276
-92.746689,15,12644.143305
88.14795,4,12646.952503
-90.895363,5,12649.719625
-92.378265,9,12656.444207
84.08257,24,12660.114671
-91.837309,16,12674.273415
-90.663486,4,12680.119065
-91.501965,6,12688.84245
-90.124985,1,12691.553765
-90.718566,3,12696.706526
86.038397,12,12699.891281
-90.0,1,12708.745319
-90.078018,1,12716.692482
-90.951458,3,12722.297818
88.989189,6,12725.329407
-90.773256,2,12732.387094
-92.742382,23,12745.114283
-91.221152,5,12754.025436
-91.278463,6,12763.767697
-91.620159,6,12770.951599
-91.325766,7,12778.067351
-90.827365,5,12781.340221
-92.146827,15,12796.698729
-90.0,1,12804.298273
-90.02327,1,12811.484322
86.279684,14,12814.916112
-39.10853,200,13119.559768
-91.187196,8,13131.3146
-91.975639,14,13146.322304
-91.151117,3,13151.611151
-90.736301,5,13154.525055
-90.681625,9,13161.441672
-90.0,1,13168.587564
-90.422229,2,13173.677397
-90.667395,3,13178.915911
-90.0,1,13185.319004
-91.517453,5,13188.251825
-91.496581,3,13191.05393
-91.564894,5,13199.856599
-91.951353,8,13210.022237
-91.010401,2,13217.420875
86.948853,8,13220.42981
-91.891139,13,13223.578054
-90.996265,3,13229.52637
-90.99418,2,13233.200899
-91.85153,9,13243.191393
-90.865545,2,13250.321507
-37.951586,200,13505.35456
-90.922692,5,13513.540402
-93.271424,23,13531.381172
-91.771996,4,13536.776067
-91.346869,4,13542.673384
-90.0,1,13549.246736
-91.253995,11,13556.470449
